seed,condition,dose,mu,bCoreRatio,rescued,rescueTime,rescueMode,extinct,extinctionTime,finalN,terminationReason,nMutCore,nMutEdge
0,wellMixed,1.05,0.0001,,0,,,1,100.52363774505017,0,extinction,0,1
1,wellMixed,1.05,0.0001,,1,9.64989671539502,,0,,712,rescue,0,3
2,wellMixed,1.05,0.0001,,1,17.210784583464896,,0,,428,rescue,0,2
3,wellMixed,1.05,0.0001,,1,3.7441540638413793,,0,,743,rescue,0,2
4,wellMixed,1.05,0.0001,,1,10.662150500193041,,0,,546,rescue,0,1
5,wellMixed,1.05,0.0001,,1,6.712935487429894,,0,,769,rescue,0,2
6,wellMixed,1.05,0.0001,,0,,,1,127.81268238933383,0,extinction,0,0
7,wellMixed,1.05,0.0001,,0,,,1,65.86982931121669,0,extinction,0,0
8,wellMixed,1.05,0.0001,,1,22.209459229483258,,0,,227,rescue,0,3
9,wellMixed,1.05,0.0001,,1,21.149466846389057,,0,,335,rescue,0,1
10,wellMixed,1.05,0.0001,,1,7.1903393283185055,,0,,874,rescue,0,1
11,wellMixed,1.05,0.0001,,0,,,1,88.9438296543732,0,extinction,0,0
12,wellMixed,1.05,0.0001,,0,,,1,76.53443693024929,0,extinction,0,1
13,wellMixed,1.05,0.0001,,1,8.097529259185064,,0,,844,rescue,0,1
14,wellMixed,1.05,0.0001,,0,,,1,65.86896174723464,0,extinction,0,2
15,wellMixed,1.05,0.0001,,0,,,1,93.90675512384551,0,extinction,0,3
16,wellMixed,1.05,0.0001,,0,,,1,67.91208911574974,0,extinction,0,0
17,wellMixed,1.05,0.0001,,1,8.89283540851974,,0,,891,rescue,0,2
18,wellMixed,1.05,0.0001,,0,,,1,81.48627505918358,0,extinction,0,2
19,wellMixed,1.05,0.0001,,1,12.967566715072916,,0,,430,rescue,0,2
20,wellMixed,1.05,0.0001,,1,9.091813518136895,,0,,661,rescue,0,1
21,wellMixed,1.05,0.0001,,0,,,1,79.22316484958743,0,extinction,0,0
22,wellMixed,1.05,0.0001,,1,35.02597898625424,,0,,132,rescue,0,2
23,wellMixed,1.05,0.0001,,1,8.301248085189517,,0,,811,rescue,0,2
24,wellMixed,1.05,0.0001,,0,,,1,99.00472114306703,0,extinction,0,0
25,wellMixed,1.05,0.0001,,0,,,1,78.88739412277319,0,extinction,0,2
26,wellMixed,1.05,0.0001,,0,,,1,97.28265506928106,0,extinction,0,1
27,wellMixed,1.05,0.0001,,1,18.908835193371505,,0,,332,rescue,0,1
28,wellMixed,1.05,0.0001,,1,32.968433319936395,,0,,101,rescue,0,1
29,wellMixed,1.05,0.0001,,1,14.969267308606645,,0,,587,rescue,0,2
30,wellMixed,1.05,0.0001,,0,,,1,69.90051616222773,0,extinction,0,0
31,wellMixed,1.05,0.0001,,1,14.039609775118542,,0,,469,rescue,0,1
32,wellMixed,1.05,0.0001,,0,,,1,90.29470309988437,0,extinction,0,1
33,wellMixed,1.05,0.0001,,0,,,1,80.04746071009603,0,extinction,0,1
34,wellMixed,1.05,0.0001,,0,,,1,74.81524102488204,0,extinction,0,2
35,wellMixed,1.05,0.0001,,1,63.20333617516653,,0,,67,rescue,0,1
36,wellMixed,1.05,0.0001,,0,,,1,121.42491587545823,0,extinction,0,1
37,wellMixed,1.05,0.0001,,0,,,1,77.17722233588512,0,extinction,0,1
38,wellMixed,1.05,0.0001,,1,39.07788561855274,,0,,94,rescue,0,1
39,wellMixed,1.05,0.0001,,0,,,1,78.56039982155266,0,extinction,0,2
40,wellMixed,1.05,0.0001,,1,25.099739026107386,,0,,214,rescue,0,1
41,wellMixed,1.05,0.0001,,1,65.47869729300447,,0,,105,rescue,0,2
42,wellMixed,1.05,0.0001,,1,183.60011708895433,,0,,44,rescue,0,1
43,wellMixed,1.05,0.0001,,0,,,1,53.038719751375865,0,extinction,0,0
44,wellMixed,1.05,0.0001,,1,11.65190184139103,,0,,577,rescue,0,4
45,wellMixed,1.05,0.0001,,0,,,1,103.2228693656018,0,extinction,0,0
46,wellMixed,1.05,0.0001,,1,4.7225930893463195,,0,,832,rescue,0,1
47,wellMixed,1.05,0.0001,,0,,,1,74.18656443702118,0,extinction,0,0
48,wellMixed,1.05,0.0001,,1,8.612732091045745,,0,,509,rescue,0,1
49,wellMixed,1.05,0.0001,,0,,,1,89.94925165522973,0,extinction,0,2
50,wellMixed,1.05,0.0001,,1,11.244300440976968,,0,,559,rescue,0,1
51,wellMixed,1.05,0.0001,,1,15.913228525240322,,0,,480,rescue,0,1
52,wellMixed,1.05,0.0001,,0,,,1,67.84383266991694,0,extinction,0,1
53,wellMixed,1.05,0.0001,,1,104.08229871777012,,0,,13,rescue,0,3
54,wellMixed,1.05,0.0001,,1,13.053208435565711,,0,,547,rescue,0,2
55,wellMixed,1.05,0.0001,,0,,,1,82.54407040485356,0,extinction,0,1
56,wellMixed,1.05,0.0001,,1,26.2044994784544,,0,,291,rescue,0,2
57,wellMixed,1.05,0.0001,,0,,,1,71.0429455651175,0,extinction,0,0
58,wellMixed,1.05,0.0001,,0,,,1,86.09849479622531,0,extinction,0,1
59,wellMixed,1.05,0.0001,,0,,,1,59.92207435271318,0,extinction,0,2
60,wellMixed,1.05,0.0001,,1,9.722981677671392,,0,,415,rescue,0,2
61,wellMixed,1.05,0.0001,,1,5.908627300604092,,0,,719,rescue,0,1
62,wellMixed,1.05,0.0001,,0,,,1,72.7548596011223,0,extinction,0,1
63,wellMixed,1.05,0.0001,,1,12.417946319830802,,0,,543,rescue,0,1
64,wellMixed,1.05,0.0001,,0,,,1,99.96212400038482,0,extinction,0,1
65,wellMixed,1.05,0.0001,,0,,,1,126.78570318897485,0,extinction,0,3
66,wellMixed,1.05,0.0001,,0,,,1,93.57693875617989,0,extinction,0,2
67,wellMixed,1.05,0.0001,,0,,,1,77.20292534568141,0,extinction,0,1
68,wellMixed,1.05,0.0001,,0,,,1,80.81518567972996,0,extinction,0,1
69,wellMixed,1.05,0.0001,,1,13.008626548448472,,0,,431,rescue,0,2
70,wellMixed,1.05,0.0001,,1,43.989337222625736,,0,,105,rescue,0,1
71,wellMixed,1.05,0.0001,,0,,,1,133.82909168531995,0,extinction,0,0
72,wellMixed,1.05,0.0001,,1,56.04229808514936,,0,,47,rescue,0,2
73,wellMixed,1.05,0.0001,,1,22.46688370458332,,0,,396,rescue,0,3
74,wellMixed,1.05,0.0001,,1,50.81859929124658,,0,,38,rescue,0,2
75,wellMixed,1.05,0.0001,,1,3.78448510389517,,0,,852,rescue,0,2
76,wellMixed,1.05,0.0001,,1,4.3589962042658295,,0,,809,rescue,0,1
77,wellMixed,1.05,0.0001,,1,3.051021757737655,,0,,900,rescue,0,1
78,wellMixed,1.05,0.0001,,1,22.042693501302118,,0,,392,rescue,0,2
79,wellMixed,1.05,0.0001,,1,4.219614008921633,,0,,772,rescue,0,2
80,wellMixed,1.05,0.0001,,1,17.89444107650678,,0,,470,rescue,0,1
81,wellMixed,1.05,0.0001,,1,3.927033689287143,,0,,801,rescue,0,2
82,wellMixed,1.05,0.0001,,1,18.02315798158567,,0,,526,rescue,0,2
83,wellMixed,1.05,0.0001,,1,25.922185653884757,,0,,240,rescue,0,2
84,wellMixed,1.05,0.0001,,0,,,1,57.61549241340387,0,extinction,0,2
85,wellMixed,1.05,0.0001,,1,30.76444323859374,,0,,220,rescue,0,3
86,wellMixed,1.05,0.0001,,0,,,1,126.38752760835843,0,extinction,0,1
87,wellMixed,1.05,0.0001,,1,17.69260565555624,,0,,472,rescue,0,2
88,wellMixed,1.05,0.0001,,0,,,1,50.225857719733824,0,extinction,0,0
89,wellMixed,1.05,0.0001,,1,20.724049040499327,,0,,471,rescue,0,1
90,wellMixed,1.05,0.0001,,0,,,1,71.80086551008381,0,extinction,0,0
91,wellMixed,1.05,0.0001,,1,8.709925149699696,,0,,519,rescue,0,2
92,wellMixed,1.05,0.0001,,1,13.117448144429275,,0,,542,rescue,0,1
93,wellMixed,1.05,0.0001,,1,8.081010912447411,,0,,664,rescue,0,1
94,wellMixed,1.05,0.0001,,0,,,1,106.14114332923835,0,extinction,0,1
95,wellMixed,1.05,0.0001,,1,7.407337747902249,,0,,621,rescue,0,1
96,wellMixed,1.05,0.0001,,1,5.894946078529467,,0,,863,rescue,0,2
97,wellMixed,1.05,0.0001,,1,16.19579250721922,,0,,497,rescue,0,1
98,wellMixed,1.05,0.0001,,0,,,1,77.30018748691224,0,extinction,0,2
99,wellMixed,1.05,0.0001,,0,,,1,69.50072969283326,0,extinction,0,3
100,wellMixed,1.05,0.0001,,1,8.478061857235636,,0,,648,rescue,0,2
101,wellMixed,1.05,0.0001,,1,33.258873630284775,,0,,148,rescue,0,3
102,wellMixed,1.05,0.0001,,0,,,1,83.86746964430158,0,extinction,0,4
103,wellMixed,1.05,0.0001,,1,3.2572883325327884,,0,,700,rescue,0,1
104,wellMixed,1.05,0.0001,,0,,,1,112.02021467406114,0,extinction,0,1
105,wellMixed,1.05,0.0001,,0,,,1,80.15755488824522,0,extinction,0,1
106,wellMixed,1.05,0.0001,,0,,,1,127.26737285603966,0,extinction,0,0
107,wellMixed,1.05,0.0001,,1,10.648072060863434,,0,,627,rescue,0,1
108,wellMixed,1.05,0.0001,,1,8.212031330399741,,0,,512,rescue,0,2
109,wellMixed,1.05,0.0001,,1,57.09641778096166,,0,,85,rescue,0,2
110,wellMixed,1.05,0.0001,,0,,,1,65.07135969741402,0,extinction,0,0
111,wellMixed,1.05,0.0001,,1,10.775925503624503,,0,,633,rescue,0,1
112,wellMixed,1.05,0.0001,,1,16.205410477308984,,0,,724,rescue,0,1
113,wellMixed,1.05,0.0001,,0,,,1,45.62047761174285,0,extinction,0,2
114,wellMixed,1.05,0.0001,,1,24.07419215848221,,0,,254,rescue,0,2
115,wellMixed,1.05,0.0001,,1,50.87759856891974,,0,,108,rescue,0,3
116,wellMixed,1.05,0.0001,,1,10.61683246262068,,0,,496,rescue,0,1
117,wellMixed,1.05,0.0001,,1,26.850969447984042,,0,,315,rescue,0,2
118,wellMixed,1.05,0.0001,,0,,,1,60.60141333625416,0,extinction,0,1
119,wellMixed,1.05,0.0001,,0,,,1,124.90603239241867,0,extinction,0,3
120,wellMixed,1.05,0.0001,,0,,,1,121.0388772215036,0,extinction,0,3
121,wellMixed,1.05,0.0001,,1,15.328499959877202,,0,,526,rescue,0,1
122,wellMixed,1.05,0.0001,,0,,,1,79.52005056788553,0,extinction,0,1
123,wellMixed,1.05,0.0001,,0,,,1,97.28425490793309,0,extinction,0,0
124,wellMixed,1.05,0.0001,,0,,,1,59.4683256340065,0,extinction,0,1
125,wellMixed,1.05,0.0001,,1,19.540337531643395,,0,,412,rescue,0,3
126,wellMixed,1.05,0.0001,,1,5.422946987755418,,0,,790,rescue,0,2
127,wellMixed,1.05,0.0001,,0,,,1,61.488040411845624,0,extinction,0,1
128,wellMixed,1.05,0.0001,,1,13.940034088041477,,0,,718,rescue,0,2
129,wellMixed,1.05,0.0001,,0,,,1,92.07127492170419,0,extinction,0,3
130,wellMixed,1.05,0.0001,,0,,,1,73.71332145525372,0,extinction,0,1
131,wellMixed,1.05,0.0001,,0,,,1,107.09863585827198,0,extinction,0,3
132,wellMixed,1.05,0.0001,,0,,,1,83.2208780498975,0,extinction,0,1
133,wellMixed,1.05,0.0001,,0,,,1,65.11478934915465,0,extinction,0,2
134,wellMixed,1.05,0.0001,,1,15.48558851655141,,0,,306,rescue,0,3
135,wellMixed,1.05,0.0001,,1,5.916213524431341,,0,,667,rescue,0,2
136,wellMixed,1.05,0.0001,,1,19.553053392565992,,0,,417,rescue,0,2
137,wellMixed,1.05,0.0001,,1,20.934882854131324,,0,,390,rescue,0,1
138,wellMixed,1.05,0.0001,,1,14.468009181279408,,0,,317,rescue,0,2
139,wellMixed,1.05,0.0001,,0,,,1,90.73629786258287,0,extinction,0,1
140,wellMixed,1.05,0.0001,,0,,,1,87.84591921833845,0,extinction,0,1
141,wellMixed,1.05,0.0001,,1,8.11295908654057,,0,,639,rescue,0,3
142,wellMixed,1.05,0.0001,,1,23.46835010680213,,0,,303,rescue,0,1
143,wellMixed,1.05,0.0001,,0,,,1,110.90387787076914,0,extinction,0,5
144,wellMixed,1.05,0.0001,,1,23.641992170166333,,0,,246,rescue,0,1
145,wellMixed,1.05,0.0001,,1,34.372828860586075,,0,,291,rescue,0,3
146,wellMixed,1.05,0.0001,,0,,,1,68.05514166882222,0,extinction,0,0
147,wellMixed,1.05,0.0001,,0,,,1,96.94081458489859,0,extinction,0,3
148,wellMixed,1.05,0.0001,,1,37.804663684232146,,0,,200,rescue,0,2
149,wellMixed,1.05,0.0001,,0,,,1,84.87777249656592,0,extinction,0,0
150,wellMixed,1.05,0.0001,,0,,,1,96.15516327526744,0,extinction,0,0
151,wellMixed,1.05,0.0001,,1,52.840970730134615,,0,,40,rescue,0,1
152,wellMixed,1.05,0.0001,,1,22.533321251429715,,0,,214,rescue,0,2
153,wellMixed,1.05,0.0001,,1,46.89504107568202,,0,,123,rescue,0,1
154,wellMixed,1.05,0.0001,,1,9.936159970915831,,0,,548,rescue,0,1
155,wellMixed,1.05,0.0001,,0,,,1,105.07017417924838,0,extinction,0,0
156,wellMixed,1.05,0.0001,,1,26.47010901759946,,0,,395,rescue,0,5
157,wellMixed,1.05,0.0001,,0,,,1,75.19995980324822,0,extinction,0,0
158,wellMixed,1.05,0.0001,,1,6.561283233218226,,0,,658,rescue,0,1
159,wellMixed,1.05,0.0001,,0,,,1,118.95016747540562,0,extinction,0,0
160,wellMixed,1.05,0.0001,,1,22.28988917954049,,0,,424,rescue,0,1
161,wellMixed,1.05,0.0001,,1,5.206900368385867,,0,,921,rescue,0,1
162,wellMixed,1.05,0.0001,,1,10.135404058618818,,0,,790,rescue,0,1
163,wellMixed,1.05,0.0001,,0,,,1,83.873246765723,0,extinction,0,0
164,wellMixed,1.05,0.0001,,1,35.427133887435915,,0,,92,rescue,0,3
165,wellMixed,1.05,0.0001,,1,26.974345563454285,,0,,240,rescue,0,3
166,wellMixed,1.05,0.0001,,0,,,1,87.75250247288393,0,extinction,0,0
167,wellMixed,1.05,0.0001,,0,,,1,93.14393026940058,0,extinction,0,0
168,wellMixed,1.05,0.0001,,1,17.290901202995663,,0,,315,rescue,0,3
169,wellMixed,1.05,0.0001,,1,22.38036615925956,,0,,204,rescue,0,5
170,wellMixed,1.05,0.0001,,1,24.200902965692208,,0,,209,rescue,0,1
171,wellMixed,1.05,0.0001,,1,7.7244094580392675,,0,,848,rescue,0,2
172,wellMixed,1.05,0.0001,,0,,,1,68.49765104751226,0,extinction,0,1
173,wellMixed,1.05,0.0001,,0,,,1,86.39333682202415,0,extinction,0,1
174,wellMixed,1.05,0.0001,,0,,,1,159.70012789934407,0,extinction,0,3
175,wellMixed,1.05,0.0001,,1,21.072275428377022,,0,,327,rescue,0,2
176,wellMixed,1.05,0.0001,,1,40.484804632603165,,0,,191,rescue,0,1
177,wellMixed,1.05,0.0001,,1,30.21026583114987,,0,,247,rescue,0,2
178,wellMixed,1.05,0.0001,,1,8.060059783238538,,0,,565,rescue,0,1
179,wellMixed,1.05,0.0001,,0,,,1,70.14789447383315,0,extinction,0,3
180,wellMixed,1.05,0.0001,,1,11.645269256530126,,0,,675,rescue,0,1
181,wellMixed,1.05,0.0001,,1,4.446257192876083,,0,,887,rescue,0,1
182,wellMixed,1.05,0.0001,,1,18.144899443824666,,0,,608,rescue,0,3
183,wellMixed,1.05,0.0001,,0,,,1,86.81981349853123,0,extinction,0,0
184,wellMixed,1.05,0.0001,,0,,,1,62.453068754922434,0,extinction,0,1
185,wellMixed,1.05,0.0001,,1,37.84549942031738,,0,,182,rescue,0,2
186,wellMixed,1.05,0.0001,,1,13.348303121278777,,0,,435,rescue,0,2
187,wellMixed,1.05,0.0001,,1,4.926655310396439,,0,,923,rescue,0,1
188,wellMixed,1.05,0.0001,,1,14.100722972334353,,0,,470,rescue,0,3
189,wellMixed,1.05,0.0001,,1,23.387102095491812,,0,,270,rescue,0,1
190,wellMixed,1.05,0.0001,,1,15.335884234026437,,0,,620,rescue,0,1
191,wellMixed,1.05,0.0001,,1,6.535507996004471,,0,,904,rescue,0,1
192,wellMixed,1.05,0.0001,,0,,,1,80.47604296123043,0,extinction,0,1
193,wellMixed,1.05,0.0001,,1,27.077861788243,,0,,189,rescue,0,3
194,wellMixed,1.05,0.0001,,0,,,1,90.52878646542362,0,extinction,0,0
195,wellMixed,1.05,0.0001,,1,6.69029463012248,,0,,720,rescue,0,1
196,wellMixed,1.05,0.0001,,1,9.414874243558462,,0,,637,rescue,0,1
197,wellMixed,1.05,0.0001,,1,11.45502511520909,,0,,638,rescue,0,1
198,wellMixed,1.05,0.0001,,1,22.15122781492983,,0,,365,rescue,0,1
199,wellMixed,1.05,0.0001,,1,53.32615204865826,,0,,63,rescue,0,4
